insert into members(NAME,CELLPHONE,ADDRESS,GENDER,EMAIL,PASSWD)
 values('Dawn','0911123457','104台北市中山區南京東路三段219號4F','F','dawn@gmail.com',x'e9cee71ab932fde863338d08be4de9dfe39ea049bdafb342ce659ec5450b69ae'),
 ('Jim','0911123458','104台北市中山區南京東路三段219號4F','M','jim@gmail.com',x'e9cee71ab932fde863338d08be4de9dfe39ea049bdafb342ce659ec5450b69ae'),
 ('Riley','0911123459','104台北市中山區南京東路三段219號4F','F','riley@gmail.com',x'e9cee71ab932fde863338d08be4de9dfe39ea049bdafb342ce659ec5450b69ae'),
 ('Sen','0911123460','104台北市中山區南京東路三段219號4F','M','sen@gmail.com',x'e9cee71ab932fde863338d08be4de9dfe39ea049bdafb342ce659ec5450b69ae'),
 ('Kent','0911123461','104台北市中山區南京東路三段219號4F','M','kent@gmail.com',x'e9cee71ab932fde863338d08be4de9dfe39ea049bdafb342ce659ec5450b69ae');


insert into orders(MEMBERID,ROOMTYPEID,ROOMID,EXPDATES,EXPDATEE,AMOUNT,PETID)
values(1,1,1,'2025-01-15','2025-01-18',5000,1),
(2,1,2,'2025-01-15','2025-01-18',5000,2),
(3,1,3,'2025-01-15','2025-01-18',5000,3),
(1,2,4,'2025-01-15','2025-01-18',5000,4);

insert into roomtype(ROOMTYPEID,DESCPT,IMAGEID,PRICE,PETTYPE,WEIGHTL,WEIGHTH)
VALUES(1,'海景房',2,1000,'D',5,8),
(2,'山景房',1,2000,'C',null,null);


insert into room(ROOMID,ROOMTYPEID)
values(1,1),
(2,1),
(3,1),
(4,2);

insert into images(IMAGEDATA)
values(x'1234'), -- 1. roomtype 海景房
(x'1234'), -- 2.roomtype 山景房
(x'1234'), -- 3.pet狗
(x'1234'); -- 4.pet貓



insert into pets(PETID,PETTYPE,NICKNAME,WEIGHT)
 values(1,'D','小黑',3.5)
 ,(2,'D','小黃',5)
 ,(3,'D','大白',8)
 ,(4,'C','喵喵',2);
 
insert into PRDORDERS(MEMBERID,AMOUNT,STATUS)
values(1,440,'2')
,(1,320,'2')
,(1,1460,'0');

insert into PRDORDITEMS(PRDORDERID,PRDID,PRDCOUNT)
values(1,10,1)
,(1,12,2)
,(2,11,2)
,(3,13,1)
,(3,14,2)
,(3,15,3);


INSERT INTO products (PRDNAME, PRICE, IMAGEID, PRDDESC) VALUES
('[優格]鮮肉佐餐凍乾\n(雞肉)60公克', 230.0, 10, '成分:雞鮮肉、樹薯粉、糙米粉、啤酒酵母、紅藜麥、鮭魚油、蕃茄粉、南瓜粉、益生菌(腸球F菌、嗜酸乳桿菌、乳雙岐桿菌、鼠李糖乳、桿菌)、維生素E'),
('[優格]鮮肉佐餐凍乾\n(鮭魚)60公克', 230.0, 11, '成分:鮭魚鮮肉、樹薯粉、雞鮮肉、糙米粉、啤酒酵母、紅藜麥、鮭魚油、蕃茄粉、益生菌(腸球F菌、嗜酸乳桿菌、乳雙岐桿菌、鼠李糖乳、桿菌)、維生素E'),
('[優格]鮮肉佐餐凍乾\n(羊肉)60公克', 230.0, 12, '成分:羊鮮肉、樹薯粉、雞鮮肉、糙米粉、啤酒酵母、紅藜麥、鮭魚油、蕃茄粉、益生菌(腸球F菌、嗜酸乳桿菌、乳雙岐桿菌、鼠李糖乳、桿菌)、維生素E'),
('[快吃肉乾]100%-\n涮嘴牛肉條100公克', 250.0, 13, '主要成分：牛肉、澱粉、植物水解蛋白、蔬菜甘油、維生素E(抗氧化劑)、綜合維生素'),
('[快吃肉乾]100%-\n雞鮪雙享棒100公克', 250.0, 14, '主要成分：雞胸肉、鮪魚肉、澱粉、植物水解蛋白、蔬菜甘油、維生素E(抗氧化劑)、綜合維生素'),
('[快吃肉乾]100%-\n耐嚼玉子燒100公克', 250.0, 15, '主要成分：雞里肌肉、澱粉、植物水解蛋白、蔬菜甘油、維生素E(抗氧化劑)、綜合維生素'),
('[Honey Care]超吸收寵物尿片(薰衣草)24入', 490.0, 16, '材質：無紡布+衛生紙+絨毛漿+吸水高分子+PE膜'),
('[Honey Care]超消臭寵物尿片(活性碳)24入', 490.0, 17, '材質：無紡布+衛生紙+絨毛漿+吸水高分子+PE膜'),
('[喵樂]小小肉泥條-\n靜岡柴魚(7克18入)', 120.0, 18, '成分：乾燥柴魚、柴魚提取物、增稠多醣'),
('[喵樂]小小肉泥條-\n南加州雞(7克18入)', 120.0, 19,'成分：雞胸肉、雞柳、增稠多醣'),
('[等等手撕貓零食]\n紓壓大師(貓草)', 160.0, 20, '100%純肉+多種營養品添加的手作機能零食◆人食用等級肉品，小批量新鮮製作◆不含化學添加物、色素、防腐劑◆20個小時低溫烘烤，完整保留營養 成分:雞肉、貓草'),
('[等等手撕貓零食]\n視力大師(牛磺酸)', 160.0, 21, '100%純肉+多種營養品添加的手作機能零食◆人食用等級肉品，小批量新鮮製作◆不含化學添加物、色素、防腐劑◆20個小時低溫烘烤，完整保留營養 成分:雞肉、牛磺酸200mg'),
('[P.L.A.Y]班尼迪克蛋\n(啃咬解憂)(狗貓玩具)', 310.0, 22, '手工製作的雙層縫線，可機洗、烘乾，填料由100%認證安全回收塑料瓶製成，產品安全無毒');